{
	"song": {
		"player1": "bf-hand",
		"sectionLengths": [],
		"player2": "livergiver",
		"notes": [
			{
				"typeOfSection": 0,
				"lengthInSteps": 16,
				"sectionNotes": [
					[
						666.666666666667,
						2,
						0
					],
					[
						166.666666666667,
						2,
						0
					],
					[
						500,
						0,
						0
					],
					[
						1000,
						0,
						0
					],
					[
						1333.33333333333,
						2,
						0
					],
					[
						1833.33333333333,
						2,
						0
					],
					[
						1500,
						0,
						0
					],
					[
						2333.33333333333,
						2,
						0
					],
					[
						2000,
						0,
						0
					]
				],
				"mustHitSection": false,
				"changeBPM": true,
				"bpm": 90
			},
			{
				"typeOfSection": 0,
				"lengthInSteps": 16,
				"sectionNotes": [
					[
						2666.66666666667,
						0,
						0
					],
					[
						2833.33333333333,
						2,
						0
					],
					[
						3333.33333333333,
						1,
						0
					],
					[
						3666.66666666667,
						0,
						0
					],
					[
						4500,
						0,
						0
					],
					[
						4833.33333333333,
						1,
						0
					],
					[
						4000,
						2,
						0
					],
					[
						5000,
						3,
						0
					],
					[
						3166.66666666667,
						0,
						0
					]
				],
				"mustHitSection": false
			},
			{
				"typeOfSection": 0,
				"lengthInSteps": 16,
				"sectionNotes": [
					[
						5333.33333333333,
						0,
						0
					],
					[
						5666.66666666667,
						3,
						0
					],
					[
						5833.33333333333,
						0,
						0
					],
					[
						6166.66666666667,
						3,
						0
					],
					[
						6500,
						4,
						0
					],
					[
						6500,
						0,
						0
					],
					[
						7500,
						4,
						0
					],
					[
						7833.33333333333,
						7,
						0
					],
					[
						7000,
						4,
						0
					],
					[
						7333.33333333333,
						7,
						0
					],
					[
						6833.33333333333,
						7,
						0
					]
				],
				"altAnim": true,
				"mustHitSection": false
			},
			{
				"typeOfSection": 0,
				"lengthInSteps": 16,
				"sectionNotes": [
					[
						8000,
						0,
						0
					],
					[
						8666,
						0,
						0
					],
					[
						10333,
						0,
						0
					],
					[
						8833.33333333333,
						3,
						0
					],
					[
						9166.66666666667,
						0,
						0
					],
					[
						8333.33333333333,
						3,
						0
					],
					[
						9666.66666666667,
						0,
						0
					],
					[
						9500,
						3,
						0
					],
					[
						10000,
						1,
						0
					]
				],
				"mustHitSection": true
			},
			{
				"typeOfSection": 0,
				"lengthInSteps": 16,
				"sectionNotes": [
					[
						10666.6666666667,
						1,
						0
					],
					[
						11666.6666666667,
						1,
						0
					],
					[
						10833.3333333333,
						0,
						0
					],
					[
						11000,
						2,
						0
					],
					[
						11333.3333333333,
						3,
						0
					],
					[
						11833.3333333333,
						0,
						0
					],
					[
						12166.6666666667,
						3,
						0
					],
					[
						12500,
						1,
						0
					],
					[
						12833.3333333333,
						2,
						0
					]
				],
				"mustHitSection": true
			},
			{
				"typeOfSection": 0,
				"lengthInSteps": 16,
				"sectionNotes": [
					[
						13500,
						4,
						0
					],
					[
						13833.3333333333,
						7,
						0
					],
					[
						14166.6666666667,
						4,
						0
					],
					[
						14333.3333333333,
						7,
						0
					],
					[
						14666.6666666667,
						4,
						0
					],
					[
						15000,
						7,
						0
					],
					[
						15166.6666666667,
						4,
						0
					],
					[
						15500,
						7,
						0
					],
					[
						15833.3333333333,
						4,
						0
					]
				],
				"mustHitSection": true
			},
			{
				"typeOfSection": 0,
				"lengthInSteps": 16,
				"sectionNotes": [
					[
						16000,
						7,
						0
					],
					[
						16333.3333333333,
						4,
						0
					],
					[
						16666.6666666667,
						5,
						0
					],
					[
						17666.6666666667,
						4,
						0
					],
					[
						18000,
						5,
						0
					],
					[
						18166.6666666667,
						7,
						0
					],
					[
						16833.3333333333,
						4,
						0
					],
					[
						17166.6666666667,
						6,
						0
					],
					[
						18500,
						5,
						0
					]
				],
				"altAnim": false,
				"mustHitSection": true
			},
			{
				"typeOfSection": 0,
				"lengthInSteps": 16,
				"sectionNotes": [
					[
						19500,
						0,
						0
					],
					[
						19166.6666666667,
						6,
						0
					],
					[
						19500,
						4,
						0
					],
					[
						18833.3333333333,
						5,
						0
					],
					[
						19000,
						7,
						0
					],
					[
						20833.3333333333,
						3,
						0
					],
					[
						21166.6666666667,
						0,
						0
					],
					[
						19833.3333333333,
						3,
						0
					],
					[
						20000,
						0,
						0
					],
					[
						20333.3333333333,
						3,
						0
					],
					[
						20666.6666666667,
						0,
						0
					]
				],
				"mustHitSection": true
			},
			{
				"typeOfSection": 0,
				"lengthInSteps": 16,
				"sectionNotes": [
					[
						23000,
						1,
						0
					],
					[
						23333.3333333333,
						0,
						0
					],
					[
						23833.3333333333,
						1,
						0
					],
					[
						21500,
						3,
						0
					],
					[
						22333.3333333333,
						0,
						0
					],
					[
						21666.6666666667,
						0,
						0
					],
					[
						22000,
						3,
						0
					],
					[
						23666.6666666667,
						3,
						0
					],
					[
						22500,
						3,
						0
					],
					[
						22833.3333333333,
						0,
						0
					]
				],
				"mustHitSection": true
			},
			{
				"typeOfSection": 0,
				"lengthInSteps": 16,
				"sectionNotes": [
					[
						24166.6666666667,
						3,
						0
					],
					[
						24666.6666666667,
						1,
						0
					],
					[
						25166.6666666667,
						0,
						0
					],
					[
						26333.3333333333,
						3,
						0
					],
					[
						26500,
						0,
						0
					],
					[
						25833.3333333333,
						1,
						0
					],
					[
						24833.3333333333,
						0,
						0
					],
					[
						25333.3333333333,
						3,
						0
					],
					[
						25666.6666666667,
						2,
						0
					],
					[
						24333.3333333333,
						0,
						0
					]
				],
				"mustHitSection": true
			},
			{
				"typeOfSection": 0,
				"lengthInSteps": 16,
				"sectionNotes": [
					[
						26833.3333333333,
						3,
						0
					],
					[
						27166.6666666667,
						0,
						0
					],
					[
						27666.6666666667,
						0,
						0
					],
					[
						28000,
						3,
						0
					],
					[
						28500,
						3,
						0
					],
					[
						27500,
						3,
						0
					],
					[
						28333.3333333333,
						0,
						0
					],
					[
						28833.3333333333,
						0,
						0
					],
					[
						29166.6666666667,
						3,
						0
					],
					[
						26833.3333333333,
						7,
						0
					],
					[
						27166.6666666667,
						4,
						0
					],
					[
						27500,
						7,
						0
					],
					[
						27666.6666666667,
						4,
						0
					],
					[
						28000,
						7,
						0
					],
					[
						28333.3333333333,
						4,
						0
					],
					[
						28500,
						7,
						0
					],
					[
						28833.3333333333,
						4,
						0
					],
					[
						29166.6666666667,
						7,
						0
					]
				],
				"mustHitSection": true
			},
			{
				"typeOfSection": 0,
				"lengthInSteps": 16,